date,ppm
20.18-12-01,400
20.18-12-01,399
20.18-12-01,399
20.18-12-01,400
20.18-12-01,399
20.18-12-01,401
20.18-12-01,400
20.18-12-01,397
20.18-12-01,399
20.18-12-01,399
20.18-12-01,398
20.18-12-01,403
20.18-12-01,409
20.18-12-01,420
20.18-12-01,422
20.18-12-01,428
20.18-12-01,447
20.18-12-01,449
20.18-12-01,442
20.18-12-01,427
20.18-12-01,405
20.18-12-01,399
20.18-12-01,399
20.18-12-01,404
20.18-12-01,401
20.18-12-01,402
20.18-12-01,402
20.18-12-01,403
20.18-12-01,404
20.18-12-01,401
20.18-12-01,402
20.18-12-01,402
20.18-12-01,399
20.18-12-01,401
20.18-12-01,402
20.18-12-01,401
20.18-12-01,402
20.18-12-01,401
20.18-12-01,401
20.18-12-01,401
20.18-12-01,402
20.18-12-01,403
20.18-12-01,405
20.18-12-01,407
20.18-12-01,407
20.18-12-01,406
20.18-12-01,409
20.18-12-01,409
20.18-12-01,408
20.18-12-01,409
20.18-12-01,410
20.18-12-01,407
20.18-12-01,410
20.18-12-01,406
20.18-12-01,407
20.18-12-01,406
20.18-12-01,405
20.18-12-01,405
20.18-12-01,406
20.18-12-01,408
20.18-12-01,406
20.18-12-01,408
20.18-12-01,409
20.18-12-01,411
20.18-12-01,408
20.18-12-01,406
20.18-12-01,406
20.18-12-01,406
20.18-12-01,405
20.18-12-01,407
20.18-12-01,408
20.18-12-01,405
20.18-12-01,405
20.18-12-01,406
20.18-12-01,406
20.18-12-01,408
20.18-12-01,404
20.18-12-01,406
20.18-12-01,407
20.18-12-01,408
20.18-12-01,408
20.18-12-01,409
20.18-12-01,408
20.18-12-01,409
20.18-12-01,405
20.18-12-01,407
20.18-12-01,407
20.18-12-01,409
20.18-12-01,409
20.18-12-01,408
20.18-12-01,406
20.18-12-01,408
20.18-12-01,407
20.18-12-01,408
20.18-12-01,407
20.18-12-01,406
20.18-12-01,405
20.18-12-01,406
20.18-12-01,405
20.18-12-01,406
20.18-12-01,406
20.18-12-01,406
20.18-12-01,405
20.18-12-01,406
20.18-12-01,407
20.18-12-01,408
20.18-12-01,408
20.18-12-01,406
20.18-12-01,405
20.18-12-01,405
20.18-12-01,403
20.18-12-01,404
20.18-12-01,403
20.18-12-01,405
20.18-12-01,404
20.18-12-01,406
20.18-12-01,406
20.18-12-01,405
20.18-12-01,403
20.18-12-01,404
20.18-12-01,403
20.18-12-01,402
20.18-12-01,405
20.18-12-01,400
20.18-12-01,402
20.18-12-01,405
20.18-12-01,406
20.18-12-01,405
20.18-12-01,404
20.18-12-01,402
20.18-12-01,405
20.18-12-01,403
20.18-12-01,404
20.18-12-01,403
20.18-12-01,402
20.18-12-01,401
20.18-12-01,401
20.18-12-01,402
20.18-12-01,405
20.18-12-01,403
20.18-12-01,403
20.18-12-01,403
20.18-12-01,401
20.18-12-01,404
20.18-12-02,406
20.18-12-02,405
20.18-12-02,407
20.18-12-02,405
20.18-12-02,405
20.18-12-02,404
20.18-12-02,404
20.18-12-02,403
20.18-12-02,403
20.18-12-02,400
20.18-12-02,402
20.18-12-02,401
20.18-12-02,400
20.18-12-02,403
20.18-12-02,402
20.18-12-02,403
20.18-12-02,402
20.18-12-02,399
20.18-12-02,401
20.18-12-02,402
20.18-12-02,405
20.18-12-02,402
20.18-12-02,403
20.18-12-02,401
20.18-12-02,401
20.18-12-02,399
20.18-12-02,402
20.18-12-02,401
20.18-12-02,402
20.18-12-02,403
20.18-12-02,402
20.18-12-02,404
20.18-12-02,403
20.18-12-02,404
20.18-12-02,405
20.18-12-02,405
20.18-12-02,404
20.18-12-02,403
20.18-12-02,403
20.18-12-02,403
20.18-12-02,403
20.18-12-02,404
20.18-12-02,404
20.18-12-02,408
20.18-12-02,404
20.18-12-02,403
20.18-12-02,404
20.18-12-02,404
20.18-12-02,404
20.18-12-02,403
20.18-12-02,404
20.18-12-02,404
20.18-12-02,405
20.18-12-02,405
20.18-12-02,405
20.18-12-02,405
20.18-12-02,403
20.18-12-02,404
20.18-12-02,403
20.18-12-02,403
20.18-12-02,406
20.18-12-02,404
20.18-12-02,403
20.18-12-02,404
20.18-12-02,404
20.18-12-02,404
20.18-12-02,404
20.18-12-02,405
20.18-12-02,403
20.18-12-02,404
20.18-12-02,404
20.18-12-02,405
20.18-12-02,402
20.18-12-02,403
20.18-12-02,406
20.18-12-02,406
20.18-12-02,404
20.18-12-02,404
20.18-12-02,402
20.18-12-02,402
20.18-12-02,404
20.18-12-02,404
20.18-12-02,403
20.18-12-02,402
20.18-12-02,403
20.18-12-02,405
20.18-12-02,404
20.18-12-02,401
20.18-12-02,400
20.18-12-02,401
20.18-12-02,403
20.18-12-02,400
20.18-12-02,405
20.18-12-02,403
20.18-12-02,406
20.18-12-02,406
20.18-12-02,405
20.18-12-02,405
20.18-12-02,406
20.18-12-02,405
20.18-12-02,405
20.18-12-02,404
20.18-12-02,406
20.18-12-02,405
20.18-12-02,406
20.18-12-02,406
20.18-12-02,407
20.18-12-02,405
20.18-12-02,405
20.18-12-02,406
20.18-12-02,405
20.18-12-02,408
20.18-12-02,407
20.18-12-02,405
20.18-12-02,406
20.18-12-02,405
20.18-12-02,406
20.18-12-02,407
20.18-12-02,404
20.18-12-02,406
20.18-12-02,404
20.18-12-02,406
20.18-12-02,406
20.18-12-02,404
20.18-12-02,406
20.18-12-02,405
20.18-12-02,405
20.18-12-02,404
20.18-12-02,404
20.18-12-02,405
20.18-12-02,404
20.18-12-02,403
20.18-12-02,404
20.18-12-02,403
20.18-12-02,403
20.18-12-02,404
20.18-12-02,404
20.18-12-02,405
20.18-12-02,404
20.18-12-02,403
20.18-12-02,402
20.18-12-02,403
20.18-12-02,403
20.18-12-02,402
20.18-12-03,403
20.18-12-03,404
20.18-12-03,402
20.18-12-03,404
20.18-12-03,404
20.18-12-03,402
20.18-12-03,402
20.18-12-03,402
20.18-12-03,403
20.18-12-03,404
20.18-12-03,402
20.18-12-03,402
20.18-12-03,402
20.18-12-03,402
20.18-12-03,402
20.18-12-03,403
20.18-12-03,401
20.18-12-03,403
20.18-12-03,401
20.18-12-03,402
20.18-12-03,401
20.18-12-03,400
20.18-12-03,402
20.18-12-03,402
20.18-12-03,403
20.18-12-03,401
20.18-12-03,402
20.18-12-03,402
20.18-12-03,402
20.18-12-03,401
20.18-12-03,402
20.18-12-03,401
20.18-12-03,402
20.18-12-03,403
20.18-12-03,402
20.18-12-03,402
20.18-12-03,403
20.18-12-03,402
20.18-12-03,403
20.18-12-03,403
20.18-12-03,402
20.18-12-03,402
20.18-12-03,403
20.18-12-03,404
20.18-12-03,406
20.18-12-03,406
20.18-12-03,402
20.18-12-03,403
20.18-12-03,404
20.18-12-03,405
20.18-12-03,403
20.18-12-03,402
20.18-12-03,402
20.18-12-03,403
20.18-12-03,402
20.18-12-03,402
20.18-12-03,404
20.18-12-03,401
20.18-12-03,403
20.18-12-03,403
20.18-12-03,402
20.18-12-03,404
20.18-12-03,403
20.18-12-03,403
20.18-12-03,401
20.18-12-03,402
20.18-12-03,401
20.18-12-03,401
20.18-12-03,400
20.18-12-03,401
20.18-12-03,400
20.18-12-03,402
20.18-12-03,402
20.18-12-03,400
20.18-12-03,402
20.18-12-03,400
20.18-12-03,400
20.18-12-03,403
20.18-12-03,399
20.18-12-03,400
20.18-12-03,400
20.18-12-03,401
20.18-12-03,402
20.18-12-03,399
20.18-12-03,410
20.18-12-03,411
20.18-12-03,411
20.18-12-03,414
20.18-12-03,414
20.18-12-03,415
20.18-12-03,412
20.18-12-03,412
20.18-12-03,413
20.18-12-03,414
20.18-12-03,413
20.18-12-03,414
20.18-12-03,420
20.18-12-03,418
20.18-12-03,417
20.18-12-03,415
20.18-12-03,415
20.18-12-03,416
20.18-12-03,416
20.18-12-03,417
20.18-12-03,418
20.18-12-03,415
20.18-12-03,417
20.18-12-03,412
20.18-12-03,413
20.18-12-03,413
20.18-12-03,412
20.18-12-03,413
20.18-12-03,409
20.18-12-03,413
20.18-12-03,416
20.18-12-03,415
20.18-12-03,421
20.18-12-03,425
20.18-12-03,436
20.18-12-03,435
20.18-12-03,442
20.18-12-03,443
20.18-12-03,437
20.18-12-03,419
20.18-12-03,417
20.18-12-03,420
20.18-12-03,423
20.18-12-04,425
20.18-12-04,427
20.18-12-04,429
20.18-12-04,431
20.18-12-04,431
20.18-12-04,434
20.18-12-04,426
20.18-12-04,430
20.18-12-04,426
20.18-12-04,422
20.18-12-04,419
20.18-12-04,417
20.18-12-04,417
20.18-12-04,416
20.18-12-04,417
20.18-12-04,416
20.18-12-04,416
20.18-12-04,417
20.18-12-04,413
20.18-12-04,416
20.18-12-04,416
20.18-12-04,421
20.18-12-04,417
20.18-12-04,419
20.18-12-04,418
20.18-12-04,422
20.18-12-04,419
20.18-12-04,418
20.18-12-04,417
20.18-12-04,416
20.18-12-04,418
20.18-12-04,419
20.18-12-04,420
20.18-12-04,424
20.18-12-04,425
20.18-12-04,425
20.18-12-04,420
20.18-12-04,424
20.18-12-04,421
20.18-12-04,436
20.18-12-04,449
20.18-12-04,442
20.18-12-04,439
20.18-12-04,435
20.18-12-04,437
20.18-12-04,436
20.18-12-04,439
20.18-12-04,445
20.18-12-04,444
20.18-12-04,444
20.18-12-04,454
20.18-12-04,439
20.18-12-04,432
20.18-12-04,434
20.18-12-04,431
20.18-12-04,427
20.18-12-04,438
20.18-12-04,438
20.18-12-04,437
20.18-12-04,427
20.18-12-04,431
20.18-12-04,427
20.18-12-04,432
20.18-12-04,433
20.18-12-04,435
20.18-12-04,433
20.18-12-04,442
20.18-12-04,436
20.18-12-04,442
20.18-12-04,441
20.18-12-04,433
20.18-12-04,423
20.18-12-04,423
20.18-12-04,421
20.18-12-04,418
20.18-12-04,420
20.18-12-04,419
20.18-12-04,415
20.18-12-04,411
20.18-12-04,415
20.18-12-04,414
20.18-12-04,413
20.18-12-04,410
20.18-12-04,411
20.18-12-04,413
20.18-12-04,413
20.18-12-04,418
20.18-12-04,423
20.18-12-04,428
20.18-12-04,435
20.18-12-04,432
20.18-12-04,444
20.18-12-04,452
20.18-12-04,437
20.18-12-04,444
20.18-12-04,450
20.18-12-04,458
20.18-12-04,447
20.18-12-04,454
20.18-12-04,450
20.18-12-04,450
20.18-12-04,462
20.18-12-04,483
20.18-12-04,497
20.18-12-04,498
20.18-12-04,498
20.18-12-04,499
20.18-12-04,513
20.18-12-04,522
20.18-12-04,522
20.18-12-04,505
20.18-12-04,491
20.18-12-04,478
20.18-12-04,482
20.18-12-04,480
20.18-12-04,468
20.18-12-04,457
20.18-12-04,465
20.18-12-04,470
20.18-12-04,454
20.18-12-04,433
20.18-12-04,431
20.18-12-04,438
20.18-12-04,426
20.18-12-04,426
20.18-12-04,429
20.18-12-04,428
20.18-12-04,433
20.18-12-04,428
20.18-12-04,434
20.18-12-04,430
20.18-12-04,429
20.18-12-04,426
20.18-12-04,424
20.18-12-04,427
20.18-12-04,423
20.18-12-04,419
20.18-12-04,423
20.18-12-04,421
20.18-12-04,429
20.18-12-04,427
20.18-12-04,426
20.18-12-05,429
20.18-12-05,423
20.18-12-05,417
20.18-12-05,419
20.18-12-05,421
20.18-12-05,419
20.18-12-05,418
20.18-12-05,417
20.18-12-05,421
20.18-12-05,420
20.18-12-05,421
20.18-12-05,420
20.18-12-05,420
20.18-12-05,424
20.18-12-05,424
20.18-12-05,424
20.18-12-05,425
20.18-12-05,422
20.18-12-05,429
20.18-12-05,428
20.18-12-05,429
20.18-12-05,428
20.18-12-05,426
20.18-12-05,423
20.18-12-05,419
20.18-12-05,417
20.18-12-05,421
20.18-12-05,423
20.18-12-05,422
20.18-12-05,423
20.18-12-05,424
20.18-12-05,424
20.18-12-05,423
20.18-12-05,422
20.18-12-05,422
20.18-12-05,420
20.18-12-05,422
20.18-12-05,420
20.18-12-05,422
20.18-12-05,422
20.18-12-05,425
20.18-12-05,420
20.18-12-05,426
20.18-12-05,422
20.18-12-05,422
20.18-12-05,424
20.18-12-05,425
20.18-12-05,422
20.18-12-05,422
20.18-12-05,422
20.18-12-05,422
20.18-12-05,420
20.18-12-05,422
20.18-12-05,420
20.18-12-05,419
20.18-12-05,418
20.18-12-05,419
20.18-12-05,420
20.18-12-05,419
20.18-12-05,417
20.18-12-05,417
20.18-12-05,416
20.18-12-05,416
20.18-12-05,416
20.18-12-05,417
20.18-12-05,418
20.18-12-05,416
20.18-12-05,418
20.18-12-05,415
20.18-12-05,416
20.18-12-05,417
20.18-12-05,417
20.18-12-05,418
20.18-12-05,416
20.18-12-05,415
20.18-12-05,418
20.18-12-05,417
20.18-12-05,420
20.18-12-05,421
20.18-12-05,420
20.18-12-05,419
20.18-12-05,415
20.18-12-05,417
20.18-12-05,418
20.18-12-05,418
20.18-12-05,418
20.18-12-05,418
20.18-12-05,418
20.18-12-05,418
20.18-12-05,418
20.18-12-05,418
20.18-12-05,417
20.18-12-05,416
20.18-12-05,417
20.18-12-05,417
20.18-12-05,417
20.18-12-05,417
20.18-12-05,418
20.18-12-05,418
20.18-12-05,417
20.18-12-05,417
20.18-12-05,415
20.18-12-05,417
20.18-12-05,418
20.18-12-05,420
20.18-12-05,422
20.18-12-05,419
20.18-12-05,419
20.18-12-05,420
20.18-12-05,419
20.18-12-05,418
20.18-12-05,424
20.18-12-05,424
20.18-12-05,426
20.18-12-05,424
20.18-12-05,424
20.18-12-05,423
20.18-12-05,423
20.18-12-05,420
20.18-12-05,423
20.18-12-05,420
20.18-12-05,424
20.18-12-06,423
20.18-12-06,422
20.18-12-06,422
20.18-12-06,423
20.18-12-06,422
20.18-12-06,421
20.18-12-06,421
20.18-12-06,422
20.18-12-06,424
20.18-12-06,424
20.18-12-06,423
20.18-12-06,424
20.18-12-06,424
20.18-12-06,424
20.18-12-06,423
20.18-12-06,421
20.18-12-06,422
20.18-12-06,420
20.18-12-06,421
20.18-12-06,420
20.18-12-06,420
20.18-12-06,425
20.18-12-06,422
20.18-12-06,421
20.18-12-06,422
20.18-12-06,422
20.18-12-06,423
20.18-12-06,422
20.18-12-06,420
20.18-12-06,420
20.18-12-06,424
20.18-12-06,427
20.18-12-06,437
20.18-12-06,437
20.18-12-06,429
20.18-12-06,431
20.18-12-06,435
20.18-12-06,434
20.18-12-06,437
20.18-12-06,432
20.18-12-06,428
20.18-12-06,434
20.18-12-06,427
20.18-12-06,424
20.18-12-06,423
20.18-12-06,422
20.18-12-06,422
20.18-12-06,420
20.18-12-06,421
20.18-12-06,420
20.18-12-06,419
20.18-12-06,419
20.18-12-06,419
20.18-12-06,418
20.18-12-06,417
20.18-12-06,417
20.18-12-06,418
20.18-12-06,417
20.18-12-06,419
20.18-12-06,417
20.18-12-06,417
20.18-12-06,417
20.18-12-06,417
20.18-12-06,416
20.18-12-06,418
20.18-12-06,418
20.18-12-06,418
20.18-12-06,419
20.18-12-06,419
20.18-12-06,416
20.18-12-06,417
20.18-12-06,419
20.18-12-06,418
20.18-12-06,418
20.18-12-06,418
20.18-12-06,417
20.18-12-06,419
20.18-12-06,414
20.18-12-06,419
20.18-12-06,417
20.18-12-06,416
20.18-12-06,418
20.18-12-06,419
20.18-12-06,417
20.18-12-06,418
20.18-12-06,419
20.18-12-06,417
20.18-12-06,417
20.18-12-06,418
20.18-12-06,417
20.18-12-06,417
20.18-12-06,416
20.18-12-06,416
20.18-12-06,416
20.18-12-06,417
20.18-12-06,418
20.18-12-06,415
20.18-12-06,415
20.18-12-06,415
20.18-12-06,417
20.18-12-06,416
20.18-12-06,417
20.18-12-07,415
20.18-12-07,415
20.18-12-07,416
20.18-12-07,416
20.18-12-07,415
20.18-12-07,415
20.18-12-07,414
20.18-12-07,414
20.18-12-07,416
20.18-12-07,416
20.18-12-07,417
20.18-12-07,415
20.18-12-07,416
20.18-12-07,416
20.18-12-07,414
20.18-12-07,415
20.18-12-07,414
20.18-12-07,414
20.18-12-07,413
20.18-12-07,414
20.18-12-07,414
20.18-12-07,412
20.18-12-07,411
20.18-12-07,413
20.18-12-07,414
20.18-12-07,412
20.18-12-07,411
20.18-12-07,412
20.18-12-07,413
20.18-12-07,413
20.18-12-07,411
20.18-12-07,412
20.18-12-07,411
20.18-12-07,410
20.18-12-07,412
20.18-12-07,411
20.18-12-07,412
20.18-12-07,412
20.18-12-07,413
20.18-12-07,405
20.18-12-07,403
20.18-12-07,401
20.18-12-07,403
20.18-12-07,404
20.18-12-07,405
20.18-12-07,404
20.18-12-07,405
20.18-12-07,403
20.18-12-07,405
20.18-12-07,406
20.18-12-07,404
20.18-12-07,403
20.18-12-07,406
20.18-12-07,405
20.18-12-07,405
20.18-12-07,405
20.18-12-07,405
20.18-12-07,405
20.18-12-07,404
20.18-12-07,404
20.18-12-07,404
20.18-12-07,405
20.18-12-07,405
20.18-12-07,404
20.18-12-07,406
20.18-12-07,411
20.18-12-07,413
20.18-12-07,409
20.18-12-07,407
20.18-12-07,407
20.18-12-07,409
20.18-12-07,408
20.18-12-07,411
20.18-12-07,410
20.18-12-07,409
20.18-12-07,407
20.18-12-07,407
20.18-12-07,406
20.18-12-07,405
20.18-12-07,403
20.18-12-07,402
20.18-12-07,402
20.18-12-07,403
20.18-12-07,403
20.18-12-07,401
20.18-12-07,401
20.18-12-07,401
20.18-12-07,403
20.18-12-07,403
20.18-12-07,402
20.18-12-07,402
20.18-12-07,402
20.18-12-07,401
20.18-12-07,405
20.18-12-07,405
20.18-12-07,404
20.18-12-07,404
20.18-12-07,412
20.18-12-07,410
20.18-12-07,409
20.18-12-07,408
20.18-12-07,410
20.18-12-07,409
20.18-12-07,404
20.18-12-07,405
20.18-12-07,404
20.18-12-07,402
20.18-12-07,404
20.18-12-07,402
20.18-12-07,400
20.18-12-07,401
20.18-12-07,400
20.18-12-07,399
20.18-12-07,403
20.18-12-07,403
20.18-12-07,405
20.18-12-07,402
20.18-12-07,402
20.18-12-07,402
20.18-12-07,402
20.18-12-07,399
20.18-12-07,400
20.18-12-07,401
20.18-12-07,401
20.18-12-07,399
20.18-12-07,401
20.18-12-07,400
20.18-12-07,401
20.18-12-07,400
20.18-12-07,399
20.18-12-07,400
20.18-12-07,399
20.18-12-07,399
20.18-12-07,398
20.18-12-07,398
20.18-12-07,399
20.18-12-07,397
20.18-12-07,398
20.18-12-07,398
20.18-12-07,399
20.18-12-07,400
20.18-12-07,399
20.18-12-07,398
20.18-12-07,397
20.18-12-08,397
20.18-12-08,395
20.18-12-08,397
20.18-12-08,396
20.18-12-08,398
20.18-12-08,397
20.18-12-08,397
20.18-12-08,395
20.18-12-08,395
20.18-12-08,397
20.18-12-08,397
20.18-12-08,397
20.18-12-08,397
20.18-12-08,395
20.18-12-08,397
20.18-12-08,397
20.18-12-08,397
20.18-12-08,397
20.18-12-08,396
20.18-12-08,396
20.18-12-08,395
20.18-12-08,396
20.18-12-08,396
20.18-12-08,396
20.18-12-08,396
20.18-12-08,397
20.18-12-08,397
20.18-12-08,395
20.18-12-08,396
20.18-12-08,397
20.18-12-08,396
20.18-12-08,396
20.18-12-08,396
20.18-12-08,398
20.18-12-08,397
20.18-12-08,398
20.18-12-08,398
20.18-12-08,397
20.18-12-08,400
20.18-12-08,398
20.18-12-08,400
20.18-12-08,399
20.18-12-08,400
20.18-12-08,402
20.18-12-08,402
20.18-12-08,402
20.18-12-08,402
20.18-12-08,402
20.18-12-08,403
20.18-12-08,405
20.18-12-08,404
20.18-12-08,405
20.18-12-08,403
20.18-12-08,402
20.18-12-08,400
20.18-12-08,400
20.18-12-08,400
20.18-12-08,399
20.18-12-08,401
20.18-12-08,400
20.18-12-08,399
20.18-12-08,399
20.18-12-08,402
20.18-12-08,401
20.18-12-08,399
20.18-12-08,397
20.18-12-08,397
20.18-12-08,396
20.18-12-08,397
20.18-12-08,396
20.18-12-08,397
20.18-12-08,398
20.18-12-08,398
20.18-12-08,398
20.18-12-08,397
20.18-12-08,396
20.18-12-08,397
20.18-12-08,396
20.18-12-08,400
20.18-12-08,400
20.18-12-08,399
20.18-12-08,398
20.18-12-08,399
20.18-12-08,399
20.18-12-08,396
20.18-12-08,397
20.18-12-08,397
20.18-12-08,397
20.18-12-08,397
20.18-12-08,397
20.18-12-08,398
20.18-12-08,396
20.18-12-08,396
20.18-12-08,395
20.18-12-08,399
20.18-12-08,399
20.18-12-09,399
20.18-12-09,401
20.18-12-09,398
20.18-12-09,398
20.18-12-09,399
20.18-12-09,396
20.18-12-09,397
20.18-12-09,397
20.18-12-09,397
20.18-12-09,396
20.18-12-09,395
20.18-12-09,396
20.18-12-09,395
20.18-12-09,396
20.18-12-09,395
20.18-12-09,395
20.18-12-09,396
20.18-12-09,394
20.18-12-09,395
20.18-12-09,393
20.18-12-09,394
20.18-12-09,393
20.18-12-09,394
20.18-12-09,393
20.18-12-09,393
20.18-12-09,395
20.18-12-09,393
20.18-12-09,393
20.18-12-09,393
20.18-12-09,396
20.18-12-09,396
20.18-12-09,396
20.18-12-09,395
20.18-12-09,395
20.18-12-09,395
20.18-12-09,397
20.18-12-09,394
20.18-12-09,397
20.18-12-09,397
20.18-12-09,397
20.18-12-09,397
20.18-12-09,397
20.18-12-09,394
20.18-12-09,398
20.18-12-09,396
20.18-12-09,396
20.18-12-09,397
20.18-12-09,398
20.18-12-09,398
20.18-12-09,398
20.18-12-09,399
20.18-12-09,398
20.18-12-09,397
20.18-12-09,399
20.18-12-09,397
20.18-12-09,399
20.18-12-09,397
20.18-12-09,397
20.18-12-09,398
20.18-12-09,397
20.18-12-09,399
20.18-12-09,398
20.18-12-09,399
20.18-12-09,399
20.18-12-09,400
20.18-12-09,397
20.18-12-09,399
20.18-12-09,398
20.18-12-09,399
20.18-12-09,398
20.18-12-09,400
20.18-12-09,399
20.18-12-09,399
20.18-12-09,399
20.18-12-09,399
20.18-12-09,399
20.18-12-09,399
20.18-12-09,401
20.18-12-09,401
20.18-12-09,400
20.18-12-09,403
20.18-12-09,402
20.18-12-09,402
20.18-12-09,401
20.18-12-09,401
20.18-12-09,400
20.18-12-09,401
20.18-12-09,402
20.18-12-09,401
20.18-12-09,401
20.18-12-09,401
20.18-12-09,403
20.18-12-09,402
20.18-12-09,402
20.18-12-09,406
20.18-12-09,408
20.18-12-09,406
20.18-12-09,405
20.18-12-09,406
20.18-12-09,407
20.18-12-09,406
20.18-12-09,406
20.18-12-09,409
20.18-12-09,409
20.18-12-09,411
20.18-12-09,411
20.18-12-09,412
20.18-12-09,413
20.18-12-09,411
20.18-12-09,411
20.18-12-09,412
20.18-12-09,415
20.18-12-09,415
20.18-12-09,413
20.18-12-09,411
20.18-12-09,412
20.18-12-09,414
20.18-12-09,417
20.18-12-09,415
20.18-12-09,416
20.18-12-09,418
20.18-12-09,420
20.18-12-09,422
20.18-12-09,420
20.18-12-09,420
20.18-12-09,417
20.18-12-09,419
20.18-12-09,417
20.18-12-09,417
20.18-12-09,417
20.18-12-09,417
20.18-12-09,418
20.18-12-09,418
20.18-12-09,421
20.18-12-09,423
20.18-12-09,421
20.18-12-09,420
20.18-12-09,420
20.18-12-09,423
20.18-12-09,422
20.18-12-09,422
20.18-12-09,420
20.18-12-09,419
20.18-12-09,417
20.18-12-10,417
20.18-12-10,414
20.18-12-10,414
20.18-12-10,415
20.18-12-10,414
20.18-12-10,413
20.18-12-10,413
20.18-12-10,415
20.18-12-10,415
20.18-12-10,414
20.18-12-10,414
20.18-12-10,413
20.18-12-10,412
20.18-12-10,415
20.18-12-10,415
20.18-12-10,412
20.18-12-10,411
20.18-12-10,411
20.18-12-10,410
20.18-12-10,410
20.18-12-10,409
20.18-12-10,410
20.18-12-10,409
20.18-12-10,409
20.18-12-10,411
20.18-12-10,411
20.18-12-10,411
20.18-12-10,411
20.18-12-10,412
20.18-12-10,412
20.18-12-10,411
20.18-12-10,411
20.18-12-10,414
20.18-12-10,412
20.18-12-10,410
20.18-12-10,412
20.18-12-10,415
20.18-12-10,415
20.18-12-10,417
20.18-12-10,416
20.18-12-10,418
20.18-12-10,418
20.18-12-10,419
20.18-12-10,419
20.18-12-10,419
20.18-12-10,421
20.18-12-10,421
20.18-12-10,423
20.18-12-10,425
20.18-12-10,421
20.18-12-10,422
20.18-12-10,421
20.18-12-10,420
20.18-12-10,420
20.18-12-10,419
20.18-12-10,419
20.18-12-10,418
20.18-12-10,418
20.18-12-10,416
20.18-12-10,419
20.18-12-10,417
20.18-12-10,415
20.18-12-10,416
20.18-12-10,416
20.18-12-10,417
20.18-12-10,415
20.18-12-10,416
20.18-12-10,416
20.18-12-10,416
20.18-12-10,415
20.18-12-10,413
20.18-12-10,415
20.18-12-10,414
20.18-12-10,414
20.18-12-10,412
20.18-12-10,414
20.18-12-10,414
20.18-12-10,412
20.18-12-10,413
20.18-12-10,414
20.18-12-10,414
20.18-12-10,412
20.18-12-10,413
20.18-12-10,414
20.18-12-10,416
20.18-12-10,414
20.18-12-10,415
20.18-12-10,415
20.18-12-10,415
20.18-12-10,417
20.18-12-10,416
20.18-12-10,417
20.18-12-10,416
20.18-12-10,417
20.18-12-10,419
20.18-12-10,420
20.18-12-10,421
20.18-12-10,422
20.18-12-10,421
20.18-12-10,421
20.18-12-10,423
20.18-12-10,425
20.18-12-10,422
20.18-12-10,425
20.18-12-10,427
20.18-12-10,432
20.18-12-10,430
20.18-12-10,430
20.18-12-10,428
20.18-12-10,428
20.18-12-10,426
20.18-12-10,426
20.18-12-10,430
20.18-12-10,431
20.18-12-10,432
20.18-12-10,431
20.18-12-10,428
20.18-12-10,425
20.18-12-10,426
20.18-12-10,425
20.18-12-10,425
20.18-12-10,426
20.18-12-10,424
20.18-12-10,423
20.18-12-10,424
20.18-12-10,423
20.18-12-10,425
20.18-12-10,422
20.18-12-10,422
20.18-12-10,426
20.18-12-10,432
20.18-12-10,438
20.18-12-10,443
20.18-12-10,446
20.18-12-10,446
20.18-12-10,439
20.18-12-10,448
20.18-12-10,450
20.18-12-10,446
20.18-12-10,453
20.18-12-10,456
20.18-12-10,457
20.18-12-10,449
20.18-12-10,446
20.18-12-11,451
20.18-12-11,453
20.18-12-11,453
20.18-12-11,452
20.18-12-11,450
20.18-12-11,449
20.18-12-11,473
20.18-12-11,466
20.18-12-11,450
20.18-12-11,438
20.18-12-11,438
20.18-12-11,438
20.18-12-11,439
20.18-12-11,443
20.18-12-11,451
20.18-12-11,454
20.18-12-11,455
20.18-12-11,453
20.18-12-11,450
20.18-12-11,451
20.18-12-11,449
20.18-12-11,454
20.18-12-11,459
20.18-12-11,457
20.18-12-11,450
20.18-12-11,449
20.18-12-11,446
20.18-12-11,451
20.18-12-11,449
20.18-12-11,453
20.18-12-11,457
20.18-12-11,465
20.18-12-11,470
20.18-12-11,470
20.18-12-11,473
20.18-12-11,474
20.18-12-11,490
20.18-12-11,479
20.18-12-11,460
20.18-12-11,458
20.18-12-11,462
20.18-12-11,466
20.18-12-11,464
20.18-12-11,468
20.18-12-11,470
20.18-12-11,465
20.18-12-11,464
20.18-12-11,467
20.18-12-11,473
20.18-12-11,478
20.18-12-11,487
20.18-12-11,489
20.18-12-11,496
20.18-12-11,483
20.18-12-11,479
20.18-12-11,476
20.18-12-11,478
20.18-12-11,473
20.18-12-11,469
20.18-12-11,463
20.18-12-11,464
20.18-12-11,454
20.18-12-11,451
20.18-12-11,453
20.18-12-11,454
20.18-12-11,448
20.18-12-11,437
20.18-12-11,430
20.18-12-11,430
20.18-12-11,431
20.18-12-11,433
20.18-12-11,433
20.18-12-11,429
20.18-12-11,426
20.18-12-11,432
20.18-12-11,428
20.18-12-11,426
20.18-12-11,427
20.18-12-11,428
20.18-12-11,425
20.18-12-11,425
20.18-12-11,424
20.18-12-11,423
20.18-12-11,422
20.18-12-11,423
20.18-12-11,425
20.18-12-11,425
20.18-12-11,440
20.18-12-11,442
20.18-12-11,438
20.18-12-11,436
20.18-12-11,439
20.18-12-11,440
20.18-12-11,447
20.18-12-11,458
20.18-12-11,463
20.18-12-11,474
20.18-12-11,485
20.18-12-11,486
20.18-12-11,481
20.18-12-11,477
20.18-12-11,480
20.18-12-11,486
20.18-12-11,489
20.18-12-11,493
20.18-12-11,496
20.18-12-11,487
20.18-12-11,475
20.18-12-11,468
20.18-12-11,470
20.18-12-11,466
20.18-12-11,444
20.18-12-11,437
20.18-12-11,438
20.18-12-11,431
20.18-12-11,431
20.18-12-11,432
20.18-12-11,430
20.18-12-11,423
20.18-12-11,425
20.18-12-11,431
20.18-12-11,429
20.18-12-11,427
20.18-12-11,439
20.18-12-11,427
20.18-12-11,425
20.18-12-11,422
20.18-12-11,421
20.18-12-11,426
20.18-12-11,420
20.18-12-11,421
20.18-12-11,422
20.18-12-11,417
20.18-12-11,419
20.18-12-11,418
20.18-12-11,417
20.18-12-11,420
20.18-12-11,416
20.18-12-11,421
20.18-12-11,418
20.18-12-11,416
20.18-12-11,413
20.18-12-12,413
20.18-12-12,411
20.18-12-12,410
20.18-12-12,410
20.18-12-12,410
20.18-12-12,411
20.18-12-12,411
20.18-12-12,411
20.18-12-12,414
20.18-12-12,411
20.18-12-12,411
20.18-12-12,411
20.18-12-12,411
20.18-12-12,415
20.18-12-12,413
20.18-12-12,413
20.18-12-12,415
20.18-12-12,414
20.18-12-12,416
20.18-12-12,413
20.18-12-12,413
20.18-12-12,411
20.18-12-12,415
20.18-12-12,414
20.18-12-12,414
20.18-12-12,412
20.18-12-12,412
20.18-12-12,411
20.18-12-12,409
20.18-12-12,408
20.18-12-12,409
20.18-12-12,409
20.18-12-12,409
20.18-12-12,408
20.18-12-12,407
20.18-12-12,407
20.18-12-12,408
20.18-12-12,408
20.18-12-12,408
20.18-12-12,408
20.18-12-12,406
20.18-12-12,406
20.18-12-12,407
20.18-12-12,408
20.18-12-12,406
20.18-12-12,407
20.18-12-12,406
20.18-12-12,410
20.18-12-12,410
20.18-12-12,409
20.18-12-12,412
20.18-12-12,413
20.18-12-12,411
20.18-12-12,415
20.18-12-12,413
20.18-12-12,412
20.18-12-12,413
20.18-12-12,412
20.18-12-12,410
20.18-12-12,413
20.18-12-12,413
20.18-12-12,413
20.18-12-12,412
20.18-12-12,411
20.18-12-12,410
20.18-12-12,410
20.18-12-12,412
20.18-12-12,410
20.18-12-12,409
20.18-12-12,410
20.18-12-12,413
20.18-12-12,410
20.18-12-12,411
20.18-12-12,409
20.18-12-12,412
20.18-12-12,408
20.18-12-12,411
20.18-12-12,410
20.18-12-12,411
20.18-12-12,410
20.18-12-12,412
20.18-12-12,411
20.18-12-12,413
20.18-12-12,411
20.18-12-12,411
20.18-12-12,412
20.18-12-12,414
20.18-12-12,415
20.18-12-12,413
20.18-12-12,410
20.18-12-12,412
20.18-12-12,409
20.18-12-12,410
20.18-12-12,413
20.18-12-12,411
20.18-12-12,411
20.18-12-12,413
20.18-12-13,409
20.18-12-13,411
20.18-12-13,410
20.18-12-13,412
20.18-12-13,413
20.18-12-13,411
20.18-12-13,411
20.18-12-13,411
20.18-12-13,411
20.18-12-13,410
20.18-12-13,410
20.18-12-13,411
20.18-12-13,413
20.18-12-13,411
20.18-12-13,412
20.18-12-13,410
20.18-12-13,412
20.18-12-13,412
20.18-12-13,411
20.18-12-13,412
20.18-12-13,409
20.18-12-13,410
20.18-12-13,412
20.18-12-13,411
20.18-12-13,411
20.18-12-13,410
20.18-12-13,410
20.18-12-13,411
20.18-12-13,407
20.18-12-13,408
20.18-12-13,411
20.18-12-13,412
20.18-12-13,413
20.18-12-13,415
20.18-12-13,413
20.18-12-13,416
20.18-12-13,418
20.18-12-13,427
20.18-12-13,422
20.18-12-13,423
20.18-12-13,424
20.18-12-13,428
20.18-12-13,427
20.18-12-13,424
20.18-12-13,422
20.18-12-13,426
20.18-12-13,429
20.18-12-13,429
20.18-12-13,424
20.18-12-13,430
20.18-12-13,429
20.18-12-13,424
20.18-12-13,424
20.18-12-13,418
20.18-12-13,419
20.18-12-13,420
20.18-12-13,420
20.18-12-13,417
20.18-12-13,419
20.18-12-13,416
20.18-12-13,417
20.18-12-13,414
20.18-12-13,422
20.18-12-13,417
20.18-12-13,417
20.18-12-13,415
20.18-12-13,414
20.18-12-13,413
20.18-12-13,415
20.18-12-13,413
20.18-12-13,413
20.18-12-13,415
20.18-12-13,420
20.18-12-13,419
20.18-12-13,420
20.18-12-13,459
20.18-12-13,461
20.18-12-13,427
20.18-12-13,420
20.18-12-13,424
20.18-12-13,419
20.18-12-13,418
20.18-12-13,416
20.18-12-13,418
20.18-12-13,422
20.18-12-13,418
20.18-12-13,419
20.18-12-13,420
20.18-12-13,422
20.18-12-13,419
20.18-12-13,424
20.18-12-13,425
20.18-12-13,424
20.18-12-13,426
20.18-12-13,435
20.18-12-13,431
20.18-12-13,431
20.18-12-13,434
20.18-12-13,431
20.18-12-13,430
20.18-12-13,426
20.18-12-13,425
20.18-12-13,422
20.18-12-13,423
20.18-12-13,423
20.18-12-13,428
20.18-12-13,429
20.18-12-13,429
20.18-12-13,431
20.18-12-13,429
20.18-12-13,434
20.18-12-13,436
20.18-12-13,439
20.18-12-13,439
20.18-12-13,441
20.18-12-13,441
20.18-12-13,437
20.18-12-13,436
20.18-12-13,443
20.18-12-13,440
20.18-12-13,439
20.18-12-13,441
20.18-12-13,440
20.18-12-13,446
20.18-12-13,444
20.18-12-13,444
20.18-12-13,445
20.18-12-13,440
20.18-12-13,443
20.18-12-13,447
20.18-12-13,447
20.18-12-13,446
20.18-12-13,443
20.18-12-13,439
20.18-12-13,438
20.18-12-13,433
20.18-12-13,433
20.18-12-13,433
20.18-12-13,432
20.18-12-13,434
20.18-12-13,438
20.18-12-13,433
20.18-12-13,433
20.18-12-13,435
20.18-12-14,434
20.18-12-14,433
20.18-12-14,433
20.18-12-14,431
20.18-12-14,431
20.18-12-14,431
20.18-12-14,431
20.18-12-14,430
20.18-12-14,430
20.18-12-14,431
20.18-12-14,430
20.18-12-14,428
20.18-12-14,429
20.18-12-14,430
20.18-12-14,430
20.18-12-14,430
20.18-12-14,431
20.18-12-14,430
20.18-12-14,431
20.18-12-14,431
20.18-12-14,432
20.18-12-14,430
20.18-12-14,430
20.18-12-14,431
20.18-12-14,430
20.18-12-14,433
20.18-12-14,430
20.18-12-14,430
20.18-12-14,430
20.18-12-14,431
20.18-12-14,438
20.18-12-14,435
20.18-12-14,431
20.18-12-14,430
20.18-12-14,431
20.18-12-14,434
20.18-12-14,434
20.18-12-14,438
20.18-12-14,442
20.18-12-14,439
20.18-12-14,439
20.18-12-14,438
20.18-12-14,448
20.18-12-14,450
20.18-12-14,455
20.18-12-14,450
20.18-12-14,448
20.18-12-14,455
20.18-12-14,460
20.18-12-14,457
20.18-12-14,449
20.18-12-14,447
20.18-12-14,448
20.18-12-14,448
20.18-12-14,450
20.18-12-14,450
20.18-12-14,445
20.18-12-14,444
20.18-12-14,445
20.18-12-14,444
20.18-12-14,443
20.18-12-14,440
20.18-12-14,442
20.18-12-14,454
20.18-12-14,466
20.18-12-14,457
20.18-12-14,451
20.18-12-14,445
20.18-12-14,452
20.18-12-14,449
20.18-12-14,455
20.18-12-14,454
20.18-12-14,454
20.18-12-14,456
20.18-12-14,449
20.18-12-14,448
20.18-12-14,443
20.18-12-14,445
20.18-12-14,446
20.18-12-14,448
20.18-12-14,450
20.18-12-14,448
20.18-12-14,445
20.18-12-14,442
20.18-12-14,436
20.18-12-14,436
20.18-12-14,435
20.18-12-14,439
20.18-12-14,456
20.18-12-14,454
20.18-12-14,451
20.18-12-14,455
20.18-12-14,465
20.18-12-14,464
20.18-12-14,464
20.18-12-14,467
20.18-12-14,465
20.18-12-14,470
20.18-12-14,477
20.18-12-14,485
20.18-12-14,487
20.18-12-14,489
20.18-12-14,488
20.18-12-14,479
20.18-12-14,475
20.18-12-14,468
20.18-12-14,461
20.18-12-14,459
20.18-12-14,458
20.18-12-14,474
20.18-12-14,481
20.18-12-14,475
20.18-12-14,471
20.18-12-14,470
20.18-12-14,475
20.18-12-14,471
20.18-12-14,455
20.18-12-14,447
20.18-12-14,447
20.18-12-14,450
20.18-12-14,445
20.18-12-14,445
20.18-12-14,446
20.18-12-14,454
20.18-12-14,454
20.18-12-14,455
20.18-12-14,447
20.18-12-14,449
20.18-12-14,445
20.18-12-14,447
20.18-12-14,439
20.18-12-14,441
20.18-12-14,441
20.18-12-14,439
20.18-12-14,437
20.18-12-14,436
20.18-12-14,435
20.18-12-14,435
20.18-12-14,435
20.18-12-14,432
20.18-12-14,435
20.18-12-14,440
20.18-12-14,436
20.18-12-14,435
20.18-12-15,436
20.18-12-15,427
20.18-12-15,427
20.18-12-15,426
20.18-12-15,425
20.18-12-15,425
20.18-12-15,423
20.18-12-15,424
20.18-12-15,425
20.18-12-15,423
20.18-12-15,424
20.18-12-15,422
20.18-12-15,422
20.18-12-15,422
20.18-12-15,422
20.18-12-15,425
20.18-12-15,422
20.18-12-15,421
20.18-12-15,421
20.18-12-15,419
20.18-12-15,422
20.18-12-15,421
20.18-12-15,421
20.18-12-15,421
20.18-12-15,421
20.18-12-15,418
20.18-12-15,419
20.18-12-15,419
20.18-12-15,421
20.18-12-15,421
20.18-12-15,422
20.18-12-15,421
20.18-12-15,422
20.18-12-15,422
20.18-12-15,423
20.18-12-15,422
20.18-12-15,423
20.18-12-15,423
20.18-12-15,421
20.18-12-15,421
20.18-12-15,421
20.18-12-15,420
20.18-12-15,424
20.18-12-15,422
20.18-12-15,424
20.18-12-15,422
20.18-12-15,420
20.18-12-15,422
20.18-12-15,425
20.18-12-15,421
20.18-12-15,420
20.18-12-15,421
20.18-12-15,424
20.18-12-15,422
20.18-12-15,420
20.18-12-15,422
20.18-12-15,420
20.18-12-15,420
20.18-12-15,423
20.18-12-15,421
20.18-12-15,423
20.18-12-15,422
20.18-12-15,420
20.18-12-15,420
20.18-12-15,424
20.18-12-15,423
20.18-12-15,421
20.18-12-15,421
20.18-12-15,421
20.18-12-15,419
20.18-12-15,421
20.18-12-15,421
20.18-12-15,421
20.18-12-15,420
20.18-12-15,419
20.18-12-15,421
20.18-12-15,420
20.18-12-15,421
20.18-12-15,420
20.18-12-15,422
20.18-12-15,420
20.18-12-15,419
20.18-12-15,419
20.18-12-15,419
20.18-12-15,419
20.18-12-15,419
20.18-12-15,421
20.18-12-15,420
20.18-12-15,422
20.18-12-15,423
20.18-12-15,422
20.18-12-15,422
20.18-12-15,423
20.18-12-15,421
20.18-12-15,423
20.18-12-15,423
20.18-12-15,421
20.18-12-15,422
20.18-12-15,422
20.18-12-15,420
20.18-12-15,422
20.18-12-15,422
20.18-12-15,422
20.18-12-15,422
20.18-12-15,425
20.18-12-15,422
20.18-12-15,422
20.18-12-15,421
20.18-12-15,425
20.18-12-15,423
20.18-12-15,422
20.18-12-15,422
20.18-12-15,421
20.18-12-15,423
20.18-12-15,419
20.18-12-15,420
20.18-12-15,420
20.18-12-15,421
20.18-12-15,420
20.18-12-15,420
20.18-12-15,419
20.18-12-15,421
20.18-12-15,421
20.18-12-15,420
20.18-12-15,417
20.18-12-15,418
20.18-12-15,411
20.18-12-15,410
20.18-12-15,409
20.18-12-15,410
20.18-12-15,408
20.18-12-15,411
20.18-12-15,409
20.18-12-15,412
20.18-12-15,412
20.18-12-15,411
20.18-12-15,410
20.18-12-15,416
20.18-12-15,411
20.18-12-15,410
20.18-12-15,410
20.18-12-15,408
20.18-12-15,409
20.18-12-15,408
20.18-12-16,407
20.18-12-16,407
20.18-12-16,407
20.18-12-16,408
20.18-12-16,408
20.18-12-16,406
20.18-12-16,407
20.18-12-16,408
20.18-12-16,411
20.18-12-16,409
20.18-12-16,409
20.18-12-16,414
20.18-12-16,422
20.18-12-16,428
20.18-12-16,434
20.18-12-16,438
20.18-12-16,431
20.18-12-16,435
20.18-12-16,443
20.18-12-16,448
20.18-12-16,447
20.18-12-16,445
20.18-12-16,446
20.18-12-16,451
20.18-12-16,451
20.18-12-16,450
20.18-12-16,450
20.18-12-16,452
20.18-12-16,454
20.18-12-16,454
20.18-12-16,456
20.18-12-16,458
20.18-12-16,455
20.18-12-16,448
20.18-12-16,449
20.18-12-16,427
20.18-12-16,423
20.18-12-16,425
20.18-12-16,429
20.18-12-16,429
20.18-12-16,437
20.18-12-16,446
20.18-12-16,456
20.18-12-16,465
20.18-12-16,480
20.18-12-16,488
20.18-12-16,501
20.18-12-16,504
20.18-12-16,496
20.18-12-16,491
20.18-12-16,490
20.18-12-16,494
20.18-12-16,487
20.18-12-16,475
20.18-12-16,466
20.18-12-16,470
20.18-12-16,473
20.18-12-16,472
20.18-12-16,473
20.18-12-16,487
20.18-12-16,499
20.18-12-16,496
20.18-12-16,496
20.18-12-16,494
20.18-12-16,497
20.18-12-16,495
20.18-12-16,494
20.18-12-16,492
20.18-12-16,492
20.18-12-16,464
20.18-12-16,434
20.18-12-16,419
20.18-12-16,412
20.18-12-16,411
20.18-12-16,411
20.18-12-16,409
20.18-12-16,413
20.18-12-16,413
20.18-12-16,417
20.18-12-16,416
20.18-12-16,417
20.18-12-16,419
20.18-12-16,414
20.18-12-16,413
20.18-12-16,414
20.18-12-16,413
20.18-12-16,413
20.18-12-16,414
20.18-12-16,414
20.18-12-16,413
20.18-12-16,413
20.18-12-16,414
20.18-12-16,415
20.18-12-16,416
20.18-12-16,416
20.18-12-16,420
20.18-12-16,418
20.18-12-16,416
20.18-12-16,417
20.18-12-16,416
20.18-12-16,417
20.18-12-16,414
20.18-12-16,412
20.18-12-16,415
20.18-12-16,412
20.18-12-16,411
20.18-12-16,409
20.18-12-16,413
20.18-12-16,413
20.18-12-16,411
20.18-12-16,409
20.18-12-16,409
20.18-12-16,409
20.18-12-16,409
20.18-12-16,411
20.18-12-16,412
20.18-12-16,412
20.18-12-16,412
20.18-12-16,410
20.18-12-16,409
20.18-12-16,409
20.18-12-16,409
20.18-12-16,411
20.18-12-16,411
20.18-12-16,411
20.18-12-16,410
20.18-12-16,410
20.18-12-16,409
20.18-12-16,410
20.18-12-16,414
20.18-12-16,412
20.18-12-16,412
20.18-12-16,415
20.18-12-16,416
20.18-12-16,415
20.18-12-16,414
20.18-12-16,415
20.18-12-16,416
20.18-12-16,417
20.18-12-16,415
20.18-12-16,417
20.18-12-16,418
20.18-12-16,417
20.18-12-16,417
20.18-12-17,418
20.18-12-17,416
20.18-12-17,416
20.18-12-17,417
20.18-12-17,419
20.18-12-17,414
20.18-12-17,415
20.18-12-17,416
20.18-12-17,414
20.18-12-17,417
20.18-12-17,417
20.18-12-17,417
20.18-12-17,417
20.18-12-17,418
20.18-12-17,418
20.18-12-17,418
20.18-12-17,420
20.18-12-17,417
20.18-12-17,418
20.18-12-17,418
20.18-12-17,418
20.18-12-17,418
20.18-12-17,419
20.18-12-17,418
20.18-12-17,420
20.18-12-17,424
20.18-12-17,422
20.18-12-17,421
20.18-12-17,420
20.18-12-17,422
20.18-12-17,424
20.18-12-17,424
20.18-12-17,425
20.18-12-17,423
20.18-12-17,421
20.18-12-17,423
20.18-12-17,423
20.18-12-17,425
20.18-12-17,426
20.18-12-17,430
20.18-12-17,430
20.18-12-17,428
20.18-12-17,448
20.18-12-17,464
20.18-12-17,459
20.18-12-17,452
20.18-12-17,440
20.18-12-17,438
20.18-12-17,443
20.18-12-17,445
20.18-12-17,445
20.18-12-17,445
20.18-12-17,448
20.18-12-17,454
20.18-12-17,462
20.18-12-17,467
20.18-12-17,464
20.18-12-17,464
20.18-12-17,464
20.18-12-17,464
20.18-12-17,464
20.18-12-17,464
20.18-12-17,464
20.18-12-17,464
20.18-12-17,464
20.18-12-17,464
20.18-12-17,464
20.18-12-17,464
20.18-12-17,464
20.18-12-17,464
20.18-12-17,464
20.18-12-17,464
20.18-12-17,464
20.18-12-17,464
20.18-12-17,464
20.18-12-17,464
20.18-12-17,464
20.18-12-17,464
20.18-12-17,464
20.18-12-17,464
20.18-12-17,464
20.18-12-17,464
20.18-12-17,464
20.18-12-17,464
20.18-12-17,464
20.18-12-17,464
20.18-12-17,464
20.18-12-17,464
20.18-12-17,464
20.18-12-17,464
20.18-12-17,464
20.18-12-17,464
20.18-12-17,464
20.18-12-17,464
20.18-12-17,464
20.18-12-17,464
20.18-12-17,464
20.18-12-17,464
20.18-12-17,464
20.18-12-17,464
20.18-12-17,464
20.18-12-17,464
20.18-12-17,464
20.18-12-17,464
20.18-12-17,464
20.18-12-17,464
20.18-12-17,464
20.18-12-17,464
20.18-12-17,464
20.18-12-17,464
20.18-12-17,464
20.18-12-17,464
20.18-12-17,464
20.18-12-17,464
20.18-12-17,464
20.18-12-17,464
20.18-12-17,464
20.18-12-17,464
20.18-12-17,464
20.18-12-17,464
20.18-12-17,464
20.18-12-17,464
20.18-12-17,464
20.18-12-17,464
20.18-12-17,464
20.18-12-17,464
20.18-12-17,464
20.18-12-17,464
20.18-12-17,464
20.18-12-17,464
20.18-12-17,464
20.18-12-17,464
20.18-12-17,464
20.18-12-17,464
20.18-12-17,464
20.18-12-17,464
20.18-12-17,464
20.18-12-17,464
20.18-12-17,464
20.18-12-17,464
20.18-12-17,464
20.18-12-17,464
20.18-12-17,464
20.18-12-17,464
20.18-12-17,464
20.18-12-17,464
20.18-12-17,464
20.18-12-17,464
20.18-12-17,464
20.18-12-17,464
20.18-12-17,464
20.18-12-17,464
20.18-12-17,464
20.18-12-17,464
20.18-12-17,464
20.18-12-17,464
20.18-12-17,464
20.18-12-17,464
20.18-12-17,464
20.18-12-17,464
20.18-12-17,464
20.18-12-17,464
20.18-12-17,464
20.18-12-17,464
20.18-12-17,464
20.18-12-17,464
20.18-12-17,464
20.18-12-17,464
20.18-12-17,464
20.18-12-17,464
20.18-12-17,464
20.18-12-17,464
20.18-12-17,464
20.18-12-17,464
20.18-12-17,464
20.18-12-17,464
20.18-12-17,464
20.18-12-17,464
20.18-12-17,464
20.18-12-17,464
20.18-12-17,464
20.18-12-17,464
20.18-12-17,464
20.18-12-17,464
20.18-12-17,464
20.18-12-17,464
20.18-12-17,464
20.18-12-17,464
20.18-12-17,464
20.18-12-17,464
20.18-12-17,464
20.18-12-17,464
20.18-12-17,464
20.18-12-17,464
20.18-12-17,464
20.18-12-17,464
20.18-12-17,464
20.18-12-17,464
20.18-12-17,464
20.18-12-17,464
20.18-12-17,464
20.18-12-17,464
20.18-12-17,464
20.18-12-17,464
20.18-12-17,464
20.18-12-17,464
20.18-12-17,464
20.18-12-17,464
20.18-12-17,464
20.18-12-17,464
20.18-12-17,464
20.18-12-17,464
20.18-12-17,464
20.18-12-17,464
20.18-12-17,464
20.18-12-17,464
20.18-12-17,464
20.18-12-17,464
20.18-12-17,464
20.18-12-17,464
20.18-12-17,464
20.18-12-17,464
20.18-12-17,464
20.18-12-17,464
20.18-12-17,464
20.18-12-17,464
20.18-12-17,464
20.18-12-17,464
20.18-12-17,464
20.18-12-17,464
20.18-12-17,464
20.18-12-17,464
20.18-12-17,464
20.18-12-17,464
20.18-12-17,464
20.18-12-17,464
20.18-12-17,464
20.18-12-17,464
20.18-12-17,464
20.18-12-17,464
20.18-12-17,464
20.18-12-17,464
20.18-12-17,464
20.18-12-17,464
20.18-12-17,464
20.18-12-17,464
20.18-12-17,464
20.18-12-17,464
20.18-12-17,464
20.18-12-17,464
20.18-12-17,464
20.18-12-17,464
20.18-12-17,464
20.18-12-17,464
20.18-12-17,464
20.18-12-17,464
20.18-12-17,464
20.18-12-17,464
20.18-12-17,464
20.18-12-17,464
20.18-12-17,464
20.18-12-17,464
20.18-12-17,464
20.18-12-17,464
20.18-12-17,464
20.18-12-17,464
20.18-12-17,464
20.18-12-17,464
20.18-12-17,464
20.18-12-17,464
20.18-12-17,464
20.18-12-17,464
20.18-12-17,464
20.18-12-17,464
20.18-12-17,464
20.18-12-17,464
20.18-12-17,464
20.18-12-17,464
20.18-12-17,464
20.18-12-17,464
20.18-12-17,464
20.18-12-17,464
20.18-12-17,464
20.18-12-17,464
20.18-12-17,464
20.18-12-17,464
20.18-12-17,464
20.18-12-17,464
20.18-12-17,464
20.18-12-17,464
20.18-12-17,464
20.18-12-17,464
20.18-12-17,464
20.18-12-17,464
20.18-12-17,464
20.18-12-17,464
20.18-12-17,464
20.18-12-17,464
20.18-12-17,464
20.18-12-17,464
20.18-12-17,464
20.18-12-17,464
20.18-12-17,464
20.18-12-17,464
20.18-12-17,464
20.18-12-17,464
20.18-12-17,464
20.18-12-17,464
20.18-12-17,464
20.18-12-17,464
20.18-12-17,464
20.18-12-17,464
20.18-12-17,464
20.18-12-17,464
20.18-12-17,464
20.18-12-17,464
20.18-12-17,464
20.18-12-17,464
20.18-12-17,464
20.18-12-17,464
20.18-12-17,464
20.18-12-17,464
20.18-12-17,464
20.18-12-17,464
20.18-12-17,464
20.18-12-17,464
20.18-12-17,464
20.18-12-17,464
20.18-12-17,464
20.18-12-17,464
20.18-12-17,464
20.18-12-17,464
20.18-12-17,464
20.18-12-17,464
20.18-12-17,464
20.18-12-17,464
20.18-12-17,464
20.18-12-17,464
20.18-12-17,464
20.18-12-17,464
20.18-12-17,464
20.18-12-17,464
20.18-12-17,464
20.18-12-17,464
20.18-12-17,464
20.18-12-17,464
20.18-12-17,464
20.18-12-17,464
20.18-12-17,464
20.18-12-17,464
20.18-12-17,464
20.18-12-17,464
20.18-12-17,464
20.18-12-17,464
20.18-12-17,464
20.18-12-17,464
20.18-12-17,464
20.18-12-17,464
20.18-12-17,464
20.18-12-17,464
20.18-12-17,464
20.18-12-17,464
20.18-12-17,464
20.18-12-17,464
20.18-12-17,464
20.18-12-17,464
20.18-12-17,464
20.18-12-17,464
20.18-12-17,464
20.18-12-17,464
20.18-12-17,464
20.18-12-17,464
20.18-12-17,464
20.18-12-17,464
20.18-12-17,464
20.18-12-17,464
20.18-12-17,464
20.18-12-17,464
20.18-12-17,464
20.18-12-17,464
20.18-12-17,464
20.18-12-17,464
20.18-12-17,464
20.18-12-17,464
20.18-12-17,464
20.18-12-17,464
20.18-12-17,464
20.18-12-17,464
20.18-12-17,464
20.18-12-17,464
20.18-12-17,464
20.18-12-17,464
20.18-12-17,464
20.18-12-17,464
20.18-12-17,464
20.18-12-17,464
20.18-12-17,464
20.18-12-17,464
20.18-12-17,464
20.18-12-17,464
20.18-12-17,464
20.18-12-17,464
20.18-12-17,464
20.18-12-17,464
20.18-12-17,464
20.18-12-17,464
20.18-12-17,464
20.18-12-17,464
20.18-12-17,464
20.18-12-17,464
20.18-12-17,464
20.18-12-17,464
20.18-12-17,464
20.18-12-17,464
20.18-12-17,464
20.18-12-17,464
20.18-12-17,464
20.18-12-17,464
20.18-12-17,464
20.18-12-17,464
20.18-12-17,464
20.18-12-17,464
20.18-12-17,464
20.18-12-17,464
20.18-12-17,464
20.18-12-17,464
20.18-12-17,464
20.18-12-17,464
20.18-12-17,464
20.18-12-17,464
20.18-12-17,464
20.18-12-17,464
20.18-12-17,464
20.18-12-17,464
20.18-12-17,464
20.18-12-17,464
20.18-12-17,464
20.18-12-17,464
20.18-12-17,464
20.18-12-17,464
20.18-12-17,464
20.18-12-17,464
20.18-12-17,464
20.18-12-17,464
20.18-12-17,464
20.18-12-17,464
20.18-12-17,464
20.18-12-17,464
20.18-12-17,464
20.18-12-17,464
20.18-12-17,464
20.18-12-17,464
20.18-12-17,464
20.18-12-17,464
20.18-12-17,464
20.18-12-17,464
20.18-12-17,464
20.18-12-17,464
20.18-12-17,464
20.18-12-17,464
20.18-12-17,464
20.18-12-17,464
20.18-12-17,464
20.18-12-17,464
20.18-12-17,464
20.18-12-17,464
20.18-12-17,464
20.18-12-17,464
20.18-12-17,464
20.18-12-17,464
20.18-12-17,464
20.18-12-17,464
20.18-12-17,464
20.18-12-17,464
20.18-12-17,464
20.18-12-17,464
20.18-12-17,464
20.18-12-17,464
20.18-12-17,464
20.18-12-17,464
20.18-12-17,464
20.18-12-17,464
20.18-12-17,464
20.18-12-17,464
20.18-12-17,464
20.18-12-17,464
20.18-12-17,464
20.18-12-17,464
20.18-12-17,464
20.18-12-17,464
20.18-12-17,464
20.18-12-17,464
20.18-12-17,464
20.18-12-17,464
20.18-12-17,464
20.18-12-17,464
20.18-12-17,464
20.18-12-17,464
20.18-12-17,464
20.18-12-17,464
20.18-12-17,464
20.18-12-17,464
20.18-12-17,464
20.18-12-17,464
20.18-12-17,464
20.18-12-17,464
20.18-12-17,464
20.18-12-17,464
20.18-12-17,464
20.18-12-17,464
20.18-12-17,464
20.18-12-17,464
20.18-12-17,464
20.18-12-17,464
20.18-12-17,464
20.18-12-17,464
20.18-12-17,464
20.18-12-17,464
20.18-12-17,464
20.18-12-17,464
20.18-12-17,464
20.18-12-17,464
20.18-12-17,464
20.18-12-17,464
20.18-12-17,464
20.18-12-17,464
20.18-12-17,464
20.18-12-20,412
20.18-12-20,410
20.18-12-20,411
20.18-12-20,412
20.18-12-20,412
20.18-12-20,412
20.18-12-20,413
20.18-12-20,410
20.18-12-20,408
20.18-12-20,407
20.18-12-20,409
20.18-12-20,410
20.18-12-20,411
20.18-12-20,412
20.18-12-20,413
20.18-12-20,411
20.18-12-20,410
20.18-12-20,409
20.18-12-20,408
20.18-12-20,411
20.18-12-20,411
20.18-12-20,411
20.18-12-20,411
20.18-12-20,410
20.18-12-20,410
20.18-12-20,409
20.18-12-20,409
20.18-12-20,409
20.18-12-20,410
20.18-12-20,410
20.18-12-20,413
20.18-12-20,412
20.18-12-20,410
20.18-12-20,410
20.18-12-20,410
20.18-12-20,412
20.18-12-20,411
20.18-12-20,409
20.18-12-20,411
20.18-12-20,412
20.18-12-20,411
20.18-12-20,412
20.18-12-20,412
20.18-12-20,410
20.18-12-20,412
20.18-12-20,411
20.18-12-20,412
20.18-12-20,412
20.18-12-21,411
20.18-12-21,412
20.18-12-21,413
20.18-12-21,411
20.18-12-21,410
20.18-12-21,413
20.18-12-21,412
20.18-12-21,412
20.18-12-21,411
20.18-12-21,411
20.18-12-21,412
20.18-12-21,411
20.18-12-21,410
20.18-12-21,412
20.18-12-21,410
20.18-12-21,411
20.18-12-21,410
20.18-12-21,412
20.18-12-21,410
20.18-12-21,410
20.18-12-21,411
20.18-12-21,409
20.18-12-21,408
20.18-12-21,409
20.18-12-21,409
20.18-12-21,408
20.18-12-21,408
20.18-12-21,407
20.18-12-21,407
20.18-12-21,407
20.18-12-21,409
20.18-12-21,407
20.18-12-21,408
20.18-12-21,408
20.18-12-21,409
20.18-12-21,406
20.18-12-21,407
20.18-12-21,409
20.18-12-21,408
20.18-12-21,406
20.18-12-21,406
20.18-12-21,406
20.18-12-21,408
20.18-12-21,407
20.18-12-21,407
20.18-12-21,408
20.18-12-21,408
20.18-12-21,408
20.18-12-21,408
20.18-12-21,406
20.18-12-21,408
20.18-12-21,408
20.18-12-21,408
20.18-12-21,409
20.18-12-21,408
20.18-12-21,411
20.18-12-21,413
20.18-12-21,413
20.18-12-21,413
20.18-12-21,414
20.18-12-21,412
20.18-12-21,413
20.18-12-21,413
20.18-12-21,414
20.18-12-21,413
20.18-12-21,413
20.18-12-21,415
20.18-12-21,415
20.18-12-21,414
20.18-12-21,414
20.18-12-21,413
20.18-12-21,412
20.18-12-21,413
20.18-12-21,414
20.18-12-21,414
20.18-12-21,414
20.18-12-21,414
20.18-12-21,414
20.18-12-21,413
20.18-12-21,414
20.18-12-21,411
20.18-12-21,407
20.18-12-21,407
20.18-12-21,407
20.18-12-21,406
20.18-12-21,405
20.18-12-21,403
20.18-12-21,404
20.18-12-21,404
20.18-12-21,405
20.18-12-21,404
20.18-12-21,405
20.18-12-21,405
20.18-12-21,405
20.18-12-21,404
20.18-12-21,403
20.18-12-21,403
20.18-12-21,403
20.18-12-21,402
20.18-12-21,403
20.18-12-21,403
20.18-12-21,404
20.18-12-21,404
20.18-12-21,403
20.18-12-21,404
20.18-12-21,402
20.18-12-22,404
20.18-12-22,402
20.18-12-22,401
20.18-12-22,402
20.18-12-22,404
20.18-12-22,402
20.18-12-22,403
20.18-12-22,404
20.18-12-22,403
20.18-12-22,403
20.18-12-22,404
20.18-12-22,405
20.18-12-22,405
20.18-12-22,406
20.18-12-22,406
20.18-12-22,405
20.18-12-22,408
20.18-12-22,407
20.18-12-22,405
20.18-12-22,405
20.18-12-22,408
20.18-12-22,404
20.18-12-22,407
20.18-12-22,405
20.18-12-22,405
20.18-12-22,406
20.18-12-22,408
20.18-12-22,408
20.18-12-22,407
20.18-12-22,409
20.18-12-22,408
20.18-12-22,407
20.18-12-22,407
20.18-12-22,408
20.18-12-22,409
20.18-12-22,409
20.18-12-22,407
20.18-12-22,408
20.18-12-22,409
20.18-12-22,409
20.18-12-22,412
20.18-12-22,411
20.18-12-22,415
20.18-12-22,416
20.18-12-22,416
20.18-12-22,420
20.18-12-22,427
20.18-12-22,424
20.18-12-22,416
20.18-12-22,419
20.18-12-22,419
20.18-12-22,421
20.18-12-22,421
20.18-12-22,417
20.18-12-22,417
20.18-12-22,418
20.18-12-22,421
20.18-12-22,422
20.18-12-22,417
20.18-12-22,417
20.18-12-22,416
20.18-12-22,417
20.18-12-22,415
20.18-12-22,417
20.18-12-22,414
20.18-12-22,415
20.18-12-22,414
20.18-12-22,418
20.18-12-22,414
20.18-12-22,414
20.18-12-22,414
20.18-12-22,411
20.18-12-22,411
20.18-12-22,409
20.18-12-22,409
20.18-12-22,409
20.18-12-22,411
20.18-12-22,411
20.18-12-22,410
20.18-12-22,410
20.18-12-22,410
20.18-12-22,409
20.18-12-22,409
20.18-12-22,409
20.18-12-22,408
20.18-12-22,407
20.18-12-22,409
20.18-12-22,408
20.18-12-22,407
20.18-12-22,409
20.18-12-22,408
20.18-12-22,410
20.18-12-22,410
20.18-12-22,411
20.18-12-22,415
20.18-12-22,415
20.18-12-22,414
20.18-12-22,416
20.18-12-22,419
20.18-12-22,421
20.18-12-22,426
20.18-12-22,429
20.18-12-22,430
20.18-12-22,434
20.18-12-22,432
20.18-12-22,433
20.18-12-22,429
20.18-12-22,429
20.18-12-22,434
20.18-12-22,437
20.18-12-22,439
20.18-12-22,446
20.18-12-22,459
20.18-12-22,459
20.18-12-22,451
20.18-12-22,453
20.18-12-22,456
20.18-12-22,471
20.18-12-22,461
20.18-12-22,445
20.18-12-22,438
20.18-12-22,444
20.18-12-22,461
20.18-12-22,460
20.18-12-22,466
20.18-12-22,476
20.18-12-22,481
20.18-12-22,476
20.18-12-22,473
20.18-12-22,464
20.18-12-22,437
20.18-12-22,432
20.18-12-22,439
20.18-12-22,448
20.18-12-22,461
20.18-12-22,471
20.18-12-22,477
20.18-12-22,488
20.18-12-22,493
20.18-12-22,496
20.18-12-22,497
20.18-12-22,500
20.18-12-22,507
20.18-12-22,502
20.18-12-23,498
20.18-12-23,503
20.18-12-23,504
20.18-12-23,503
20.18-12-23,500
20.18-12-23,497
20.18-12-23,494
20.18-12-23,477
20.18-12-23,476
20.18-12-23,476
20.18-12-23,476
20.18-12-23,480
20.18-12-23,479
20.18-12-23,480
20.18-12-23,482
20.18-12-23,480
20.18-12-23,481
20.18-12-23,480
20.18-12-23,481
20.18-12-23,484
20.18-12-23,481
20.18-12-23,476
20.18-12-23,485
20.18-12-23,464
20.18-12-23,426
20.18-12-23,417
20.18-12-23,415
20.18-12-23,414
20.18-12-23,415
20.18-12-23,414
20.18-12-23,417
20.18-12-23,416
20.18-12-23,415
20.18-12-23,418
20.18-12-23,419
20.18-12-23,416
20.18-12-23,415
20.18-12-23,415
20.18-12-23,415
20.18-12-23,417
20.18-12-23,420
20.18-12-23,420
20.18-12-23,420
20.18-12-23,422
20.18-12-23,417
20.18-12-23,417
20.18-12-23,419
20.18-12-23,421
20.18-12-23,420
20.18-12-23,422
20.18-12-23,421
20.18-12-23,426
20.18-12-23,431
20.18-12-23,431
20.18-12-23,427
20.18-12-23,425
20.18-12-23,428
20.18-12-23,414
20.18-12-23,414
20.18-12-23,414
20.18-12-23,411
20.18-12-23,413
20.18-12-23,415
20.18-12-23,419
20.18-12-23,417
20.18-12-23,416
20.18-12-23,417
20.18-12-23,414
20.18-12-23,415
20.18-12-23,413
20.18-12-23,414
20.18-12-23,413
20.18-12-23,413
20.18-12-23,413
20.18-12-23,412
20.18-12-23,413
20.18-12-23,411
20.18-12-23,414
20.18-12-23,413
20.18-12-23,415
20.18-12-23,413
20.18-12-23,413
20.18-12-23,412
20.18-12-23,411
20.18-12-23,412
20.18-12-23,411
20.18-12-23,411
20.18-12-23,412
20.18-12-23,411
20.18-12-23,412
20.18-12-23,414
20.18-12-23,414
20.18-12-23,415
20.18-12-23,415
20.18-12-23,415
20.18-12-23,416
20.18-12-23,414
20.18-12-23,414
20.18-12-23,415
20.18-12-23,414
20.18-12-23,414
20.18-12-23,417
20.18-12-23,413
20.18-12-23,415
20.18-12-23,415
20.18-12-23,419
20.18-12-23,418
20.18-12-23,421
20.18-12-23,422
20.18-12-23,422
20.18-12-23,420
20.18-12-23,420
20.18-12-23,423
20.18-12-23,425
20.18-12-23,424
20.18-12-23,424
20.18-12-23,422
20.18-12-23,427
20.18-12-23,429
20.18-12-23,430
20.18-12-23,425
20.18-12-23,432
20.18-12-23,433
20.18-12-23,432
20.18-12-23,430
20.18-12-23,432
20.18-12-23,436
20.18-12-23,433
20.18-12-23,434
20.18-12-23,439
20.18-12-23,437
20.18-12-23,437
20.18-12-23,434
20.18-12-23,436
20.18-12-23,436
20.18-12-23,435
20.18-12-23,439
20.18-12-23,437
20.18-12-23,433
20.18-12-23,433
20.18-12-23,439
20.18-12-23,435
20.18-12-23,430
20.18-12-23,430
20.18-12-24,432
20.18-12-24,430
20.18-12-24,428
20.18-12-24,430
20.18-12-24,431
20.18-12-24,431
20.18-12-24,431
20.18-12-24,434
20.18-12-24,439
20.18-12-24,439
20.18-12-24,440
20.18-12-24,443
20.18-12-24,452
20.18-12-24,447
20.18-12-24,440
20.18-12-24,446
20.18-12-24,441
20.18-12-24,442
20.18-12-24,438
20.18-12-24,445
20.18-12-24,438
20.18-12-24,441
20.18-12-24,439
20.18-12-24,438
20.18-12-24,437
20.18-12-24,435
20.18-12-24,435
20.18-12-24,438
20.18-12-24,439
20.18-12-24,445
20.18-12-24,445
20.18-12-24,443
20.18-12-24,444
20.18-12-24,450
20.18-12-24,456
20.18-12-24,456
20.18-12-24,456
20.18-12-24,448
20.18-12-24,454
20.18-12-24,448
20.18-12-24,444
20.18-12-24,448
20.18-12-24,457
20.18-12-24,451
20.18-12-24,445
20.18-12-24,459
20.18-12-24,457
20.18-12-24,457
20.18-12-24,457
20.18-12-24,452
20.18-12-24,448
20.18-12-24,450
20.18-12-24,452
20.18-12-24,448
20.18-12-24,445
20.18-12-24,449
20.18-12-24,448
20.18-12-24,451
20.18-12-24,453
20.18-12-24,448
20.18-12-24,447
20.18-12-24,448
20.18-12-24,449
20.18-12-24,457
20.18-12-24,453
20.18-12-24,465
20.18-12-24,452
20.18-12-24,449
20.18-12-24,446
20.18-12-24,448
20.18-12-24,450
20.18-12-24,449
20.18-12-24,456
20.18-12-24,448
20.18-12-24,453
20.18-12-24,459
20.18-12-24,450
20.18-12-24,451
20.18-12-24,452
20.18-12-24,456
20.18-12-24,459
20.18-12-24,450
20.18-12-24,447
20.18-12-24,455
20.18-12-24,450
20.18-12-24,449
20.18-12-24,451
20.18-12-24,454
20.18-12-24,451
20.18-12-24,453
20.18-12-24,455
20.18-12-24,457
20.18-12-24,452
20.18-12-24,448
20.18-12-24,446
20.18-12-24,457
20.18-12-24,476
20.18-12-24,461
20.18-12-24,465
20.18-12-24,454
20.18-12-24,458
20.18-12-24,462
20.18-12-24,459
20.18-12-24,469
20.18-12-24,470
20.18-12-24,462
20.18-12-24,471
20.18-12-24,461
20.18-12-24,469
20.18-12-24,478
20.18-12-24,488
20.18-12-24,490
20.18-12-24,487
20.18-12-24,487
20.18-12-24,508
20.18-12-24,512
20.18-12-24,510
20.18-12-24,510
20.18-12-24,506
20.18-12-24,501
20.18-12-24,499
20.18-12-24,495
20.18-12-24,496
20.18-12-24,498
20.18-12-24,492
20.18-12-24,484
20.18-12-24,461
20.18-12-24,447
20.18-12-24,446
20.18-12-24,435
20.18-12-24,432
20.18-12-24,435
20.18-12-24,442
20.18-12-24,443
20.18-12-24,441
20.18-12-24,442
20.18-12-24,449
20.18-12-24,446
20.18-12-24,445
20.18-12-24,450
20.18-12-24,448
20.18-12-24,442
20.18-12-24,446
20.18-12-24,439
20.18-12-25,448
20.18-12-25,455
20.18-12-25,452
20.18-12-25,452
20.18-12-25,450
20.18-12-25,443
20.18-12-25,446
20.18-12-25,447
20.18-12-25,439
20.18-12-25,433
20.18-12-25,432
20.18-12-25,433
20.18-12-25,434
20.18-12-25,440
20.18-12-25,440
20.18-12-25,435
20.18-12-25,432
20.18-12-25,442
20.18-12-25,448
20.18-12-25,447
20.18-12-25,453
20.18-12-25,453
20.18-12-25,440
20.18-12-25,439
20.18-12-25,443
20.18-12-25,445
20.18-12-25,442
20.18-12-25,436
20.18-12-25,444
20.18-12-25,437
20.18-12-25,433
20.18-12-25,435
20.18-12-25,433
20.18-12-25,444
20.18-12-25,438
20.18-12-25,441
20.18-12-25,441
20.18-12-25,449
20.18-12-25,474
20.18-12-25,443
20.18-12-25,439
20.18-12-25,444
20.18-12-25,450
20.18-12-25,442
20.18-12-25,443
20.18-12-25,438
20.18-12-25,436
20.18-12-25,429
20.18-12-25,432
20.18-12-25,439
20.18-12-25,446
20.18-12-25,434
20.18-12-25,433
20.18-12-25,437
20.18-12-25,437
20.18-12-25,429
20.18-12-25,429
20.18-12-25,435
20.18-12-25,431
20.18-12-25,429
20.18-12-25,428
20.18-12-25,429
20.18-12-25,425
20.18-12-25,425
20.18-12-25,428
20.18-12-25,426
20.18-12-25,424
20.18-12-25,425
20.18-12-25,423
20.18-12-25,425
20.18-12-25,423
20.18-12-25,423
20.18-12-25,426
20.18-12-25,423
20.18-12-25,421
20.18-12-25,421
20.18-12-25,420
20.18-12-25,419
20.18-12-25,418
20.18-12-25,423
20.18-12-25,424
20.18-12-25,423
20.18-12-25,425
20.18-12-25,431
20.18-12-25,431
20.18-12-25,427
20.18-12-25,424
20.18-12-25,425
20.18-12-25,426
20.18-12-25,427
20.18-12-25,426
20.18-12-25,427
20.18-12-25,429
20.18-12-25,427
20.18-12-25,427
20.18-12-25,427
20.18-12-25,428
20.18-12-25,429
20.18-12-25,426
20.18-12-25,429
20.18-12-25,431
20.18-12-25,426
20.18-12-25,426
20.18-12-25,426
20.18-12-25,430
20.18-12-25,436
20.18-12-25,435
20.18-12-25,433
20.18-12-25,443
20.18-12-25,450
20.18-12-25,457
20.18-12-25,452
20.18-12-25,460
20.18-12-25,452
20.18-12-25,460
20.18-12-25,452
20.18-12-25,455
20.18-12-25,452
20.18-12-25,456
20.18-12-25,455
20.18-12-25,450
20.18-12-25,464
20.18-12-25,454
20.18-12-25,452
20.18-12-25,465
20.18-12-25,459
20.18-12-25,476
20.18-12-25,489
20.18-12-25,498
20.18-12-25,494
20.18-12-25,497
20.18-12-25,502
20.18-12-25,485
20.18-12-25,487
20.18-12-25,494
20.18-12-25,489
20.18-12-25,495
20.18-12-25,500
20.18-12-25,490
20.18-12-25,478
20.18-12-25,480
20.18-12-25,468
20.18-12-25,465
20.18-12-25,471
20.18-12-26,472
20.18-12-26,468
20.18-12-26,467
20.18-12-26,463
20.18-12-26,465
20.18-12-26,481
20.18-12-26,486
20.18-12-26,494
20.18-12-26,493
20.18-12-26,486
20.18-12-26,494
20.18-12-26,498
20.18-12-26,487
20.18-12-26,493
20.18-12-26,486
20.18-12-26,482
20.18-12-26,492
20.18-12-26,480
20.18-12-26,491
20.18-12-26,477
20.18-12-26,479
20.18-12-26,483
20.18-12-26,478
20.18-12-26,476
20.18-12-26,476
20.18-12-26,482
20.18-12-26,496
20.18-12-26,490
20.18-12-26,490
20.18-12-26,487
20.18-12-26,481
20.18-12-26,478
20.18-12-26,478
20.18-12-26,488
20.18-12-26,490
20.18-12-26,494
20.18-12-26,503
20.18-12-26,495
20.18-12-26,492
20.18-12-26,497
20.18-12-26,498
20.18-12-26,496
20.18-12-26,500
20.18-12-26,520
20.18-12-26,540
20.18-12-26,538
20.18-12-26,528
20.18-12-26,523
20.18-12-26,530
20.18-12-26,530
20.18-12-26,503
20.18-12-26,489
20.18-12-26,471
20.18-12-26,451
20.18-12-26,448
20.18-12-26,441
20.18-12-26,440
20.18-12-26,442
20.18-12-26,434
20.18-12-26,437
20.18-12-26,435
20.18-12-26,433
20.18-12-26,434
20.18-12-26,434
20.18-12-26,431
20.18-12-26,430
20.18-12-26,429
20.18-12-26,429
20.18-12-26,428
20.18-12-26,431
20.18-12-26,440
20.18-12-26,450
20.18-12-26,435
20.18-12-26,430
20.18-12-26,433
20.18-12-26,440
20.18-12-26,432
20.18-12-26,431
20.18-12-26,430
20.18-12-26,431
20.18-12-26,434
20.18-12-26,431
20.18-12-26,428
20.18-12-26,430
20.18-12-26,429
20.18-12-26,435
20.18-12-26,436
20.18-12-26,438
20.18-12-26,434
20.18-12-26,440
20.18-12-26,444
20.18-12-26,436
20.18-12-26,450
20.18-12-26,456
20.18-12-26,445
20.18-12-26,463
20.18-12-26,464
20.18-12-26,472
20.18-12-26,482
20.18-12-26,491
20.18-12-26,488
20.18-12-26,488
20.18-12-26,489
20.18-12-26,495
20.18-12-26,496
20.18-12-26,493
20.18-12-26,493
20.18-12-26,495
20.18-12-26,495
20.18-12-26,495
20.18-12-26,487
20.18-12-26,486
20.18-12-26,485
20.18-12-26,485
20.18-12-26,484
20.18-12-26,482
20.18-12-26,481
20.18-12-26,478
20.18-12-26,478
20.18-12-26,479
20.18-12-26,471
20.18-12-26,473
20.18-12-26,475
20.18-12-26,482
20.18-12-26,483
20.18-12-26,477
20.18-12-26,478
20.18-12-26,482
20.18-12-26,490
20.18-12-26,480
20.18-12-26,475
20.18-12-26,474
20.18-12-26,464
20.18-12-26,465
20.18-12-26,459
20.18-12-26,457
20.18-12-26,454
20.18-12-26,462
20.18-12-26,461
20.18-12-26,462
20.18-12-26,458
20.18-12-26,459
20.18-12-26,462
20.18-12-26,462
20.18-12-27,459
20.18-12-27,456
20.18-12-27,453
20.18-12-27,454
20.18-12-27,450
20.18-12-27,453
20.18-12-27,454
20.18-12-27,454
20.18-12-27,448
20.18-12-27,446
20.18-12-27,457
20.18-12-27,457
20.18-12-27,448
20.18-12-27,446
20.18-12-27,445
20.18-12-27,450
20.18-12-27,449
20.18-12-27,449
20.18-12-27,450
20.18-12-27,452
20.18-12-27,454
20.18-12-27,451
20.18-12-27,456
20.18-12-27,453
20.18-12-27,456
20.18-12-27,457
20.18-12-27,452
20.18-12-27,460
20.18-12-27,473
20.18-12-27,469
20.18-12-27,468
20.18-12-27,462
20.18-12-27,468
20.18-12-27,468
20.18-12-27,460
20.18-12-27,462
20.18-12-27,466
20.18-12-27,465
20.18-12-27,466
20.18-12-27,469
20.18-12-27,472
20.18-12-27,468
20.18-12-27,473
20.18-12-27,475
20.18-12-27,473
20.18-12-27,471
20.18-12-27,470
20.18-12-27,473
20.18-12-27,473
20.18-12-27,489
20.18-12-27,481
20.18-12-27,477
20.18-12-27,478
20.18-12-27,482
20.18-12-27,483
20.18-12-27,486
20.18-12-27,477
20.18-12-27,478
20.18-12-27,480
20.18-12-27,481
20.18-12-27,482
20.18-12-27,477
20.18-12-27,475
20.18-12-27,468
20.18-12-27,469
20.18-12-27,475
20.18-12-27,471
20.18-12-27,475
20.18-12-27,476
20.18-12-27,477
20.18-12-27,474
20.18-12-27,469
20.18-12-27,468
20.18-12-27,459
20.18-12-27,458
20.18-12-27,458
20.18-12-27,462
20.18-12-27,462
20.18-12-27,459
20.18-12-27,457
20.18-12-27,460
20.18-12-27,463
20.18-12-27,458
20.18-12-27,461
20.18-12-27,459
20.18-12-27,461
20.18-12-27,461
20.18-12-27,463
20.18-12-27,466
20.18-12-27,470
20.18-12-27,470
20.18-12-27,465
20.18-12-27,461
20.18-12-27,467
20.18-12-27,476
20.18-12-27,474
20.18-12-27,480
20.18-12-27,489
20.18-12-27,494
20.18-12-27,491
20.18-12-27,488
20.18-12-27,481
20.18-12-27,478
20.18-12-27,480
20.18-12-27,488
20.18-12-27,496
20.18-12-27,507
20.18-12-27,512
20.18-12-27,496
20.18-12-27,489
20.18-12-27,490
20.18-12-27,479
20.18-12-27,472
20.18-12-27,478
20.18-12-27,472
20.18-12-27,480
20.18-12-27,495
20.18-12-27,481
20.18-12-27,476
20.18-12-27,477
20.18-12-27,492
20.18-12-27,504
20.18-12-27,511
20.18-12-27,515
20.18-12-27,519
20.18-12-27,500
20.18-12-27,506
20.18-12-27,491
20.18-12-27,484
20.18-12-27,488
20.18-12-27,494
20.18-12-27,503
20.18-12-27,516
20.18-12-27,537
20.18-12-27,545
20.18-12-27,544
20.18-12-27,549
20.18-12-27,551
20.18-12-27,528
20.18-12-27,526
20.18-12-27,527
20.18-12-27,507
20.18-12-27,490
20.18-12-27,483
20.18-12-28,476
20.18-12-28,481
20.18-12-28,485
20.18-12-28,486
20.18-12-28,490
20.18-12-28,489
20.18-12-28,476
20.18-12-28,468
20.18-12-28,474
20.18-12-28,467
20.18-12-28,467
20.18-12-28,469
20.18-12-28,474
20.18-12-28,477
20.18-12-28,480
20.18-12-28,484
20.18-12-28,487
20.18-12-28,488
20.18-12-28,484
20.18-12-28,490
20.18-12-28,488
20.18-12-28,492
20.18-12-28,497
20.18-12-28,502
20.18-12-28,507
20.18-12-28,509
20.18-12-28,504
20.18-12-28,503
20.18-12-28,492
20.18-12-28,500
20.18-12-28,502
20.18-12-28,492
20.18-12-28,475
20.18-12-28,462
20.18-12-28,460
20.18-12-28,462
20.18-12-28,465
20.18-12-28,450
20.18-12-28,442
20.18-12-28,439
20.18-12-28,440
20.18-12-28,444
20.18-12-28,444
20.18-12-28,449
20.18-12-28,457
20.18-12-28,470
20.18-12-28,483
20.18-12-28,488
20.18-12-28,487
20.18-12-28,490
20.18-12-28,502
20.18-12-28,498
20.18-12-28,491
20.18-12-28,482
20.18-12-28,480
20.18-12-28,484
20.18-12-28,481
20.18-12-28,473
20.18-12-28,466
20.18-12-28,461
20.18-12-28,445
20.18-12-28,444
20.18-12-28,443
20.18-12-28,445
20.18-12-28,448
20.18-12-28,448
20.18-12-28,448
20.18-12-28,451
20.18-12-28,448
20.18-12-28,446
20.18-12-28,449
20.18-12-28,448
20.18-12-28,443
20.18-12-28,443
20.18-12-28,437
20.18-12-28,436
20.18-12-28,439
20.18-12-28,439
20.18-12-28,439
20.18-12-28,434
20.18-12-28,433
20.18-12-28,438
20.18-12-28,430
20.18-12-28,428
20.18-12-28,427
20.18-12-28,429
20.18-12-28,429
20.18-12-28,427
20.18-12-28,429
20.18-12-28,427
20.18-12-28,430
20.18-12-28,436
20.18-12-28,440
20.18-12-28,445
20.18-12-28,450
20.18-12-28,455
20.18-12-28,460
20.18-12-28,463
20.18-12-28,465
20.18-12-28,477
20.18-12-28,482
20.18-12-28,492
20.18-12-28,478
20.18-12-28,487
20.18-12-28,493
20.18-12-28,495
20.18-12-28,508
20.18-12-28,514
20.18-12-28,511
20.18-12-28,519
20.18-12-28,516
20.18-12-28,522
20.18-12-28,522
20.18-12-28,517
20.18-12-28,512
20.18-12-28,520
20.18-12-28,517
20.18-12-28,521
20.18-12-28,529
20.18-12-28,533
20.18-12-28,523
20.18-12-28,528
20.18-12-28,530
20.18-12-28,534
20.18-12-28,530
20.18-12-28,529
20.18-12-28,537
20.18-12-28,539
20.18-12-28,536
20.18-12-28,528
20.18-12-28,528
20.18-12-28,525
20.18-12-28,512
20.18-12-28,522
20.18-12-28,528
20.18-12-28,539
20.18-12-28,531
20.18-12-28,526
20.18-12-28,533
20.18-12-28,545
20.18-12-28,541
20.18-12-28,535
20.18-12-28,525
20.18-12-28,519
20.18-12-29,499
20.18-12-29,476
20.18-12-29,471
20.18-12-29,470
20.18-12-29,465
20.18-12-29,460
20.18-12-29,472
20.18-12-29,476
20.18-12-29,469
20.18-12-29,475
20.18-12-29,474
20.18-12-29,470
20.18-12-29,476
20.18-12-29,481
20.18-12-29,474
20.18-12-29,484
20.18-12-29,492
20.18-12-29,490
20.18-12-29,477
20.18-12-29,470
20.18-12-29,470
20.18-12-29,466
20.18-12-29,466
20.18-12-29,471
20.18-12-29,481
20.18-12-29,478
20.18-12-29,472
20.18-12-29,462
20.18-12-29,463
20.18-12-29,462
20.18-12-29,457
20.18-12-29,456
20.18-12-29,461
20.18-12-29,461
20.18-12-29,463
20.18-12-29,468
20.18-12-29,478
20.18-12-29,478
20.18-12-29,486
20.18-12-29,477
20.18-12-29,468
20.18-12-29,453
20.18-12-29,439
20.18-12-29,435
20.18-12-29,433
20.18-12-29,433
20.18-12-29,433
20.18-12-29,432
20.18-12-29,428
20.18-12-29,428
20.18-12-29,427
20.18-12-29,425
20.18-12-29,423
20.18-12-29,423
20.18-12-29,420
20.18-12-29,420
20.18-12-29,422
20.18-12-29,419
20.18-12-29,419
20.18-12-29,419
20.18-12-29,418
20.18-12-29,419
20.18-12-29,419
20.18-12-29,422
20.18-12-29,422
20.18-12-29,422
20.18-12-29,421
20.18-12-29,420
20.18-12-29,420
20.18-12-29,420
20.18-12-29,422
20.18-12-29,423
20.18-12-29,423
20.18-12-29,424
20.18-12-29,423
20.18-12-29,422
20.18-12-29,423
20.18-12-29,423
20.18-12-29,424
20.18-12-29,424
20.18-12-29,423
20.18-12-29,422
20.18-12-29,424
20.18-12-29,424
20.18-12-29,423
20.18-12-29,424
20.18-12-29,423
20.18-12-29,426
20.18-12-29,424
20.18-12-29,427
20.18-12-29,428
20.18-12-29,428
20.18-12-29,424
20.18-12-29,423
20.18-12-29,424
20.18-12-29,422
20.18-12-29,427
20.18-12-29,430
20.18-12-29,434
20.18-12-29,438
20.18-12-29,439
20.18-12-29,425
20.18-12-29,427
20.18-12-29,428
20.18-12-29,431
20.18-12-29,433
20.18-12-29,436
20.18-12-29,435
20.18-12-29,433
20.18-12-29,432
20.18-12-29,432
20.18-12-29,435
20.18-12-29,434
20.18-12-29,436
20.18-12-29,436
20.18-12-29,447
20.18-12-29,449
20.18-12-29,445
20.18-12-29,446
20.18-12-29,452
20.18-12-29,450
20.18-12-29,439
20.18-12-29,439
20.18-12-29,443
